6,pct_basic,1618478168,0
7,pct_5w,1618478168,0
8,pct_5wlj,1618478168,0
9,pct_5wzp,1618478168,0
10,pct_5wljzp,1618478168,0
16,c_allprintable_combined,1618478161,0
17,c_1_31_combined,1618478161,0
18,c_128_255_combined,1618478161,0
19,c_allprintable_width,1618478161,0
20,c_1_31_width,1618478161,0
21,c_128_255_width,1618478161,0
22,c_allprintable_width_lj,1618478161,0
23,c_1_31_width_lj,1618478161,0
24,c_128_255_width_lj,1618478161,0
25,c_nullterm_basic,1618478161,0
26,c_nullterm_5w,1618478161,0
27,c_nullterm_5wlj,1618478161,0
28,s_basic_string_expansion,1618478166,0
29,s_only_string_expansion,1618478166,0
30,s_two_string_expansions,1618478166,0
31,s_two_string_expansions2,1618478166,0
32,s_empty_string_expansion,1618478166,0
33,s_full_then_empty_string,1618478166,0
34,s_empty_then_full_string,1618478166,0
35,s_three_strings,1618478166,0
36,s_space_padded_field_width,1618478166,0
37,s_space_padded_field_width2,1618478166,0
38,s_space_padded_over_field_width,1618478166,0
39,s_space_padded_field_width_lj,1618478166,0
40,s_space_padded_field_width2_lj,1618478166,0
41,s_space_padded_over_field_width_lj,1618478166,0
42,s_string_prec_notrunc,1618478166,0
43,s_string_prec_trunc,1618478166,0
44,s_string_prec_default,1618478166,0
45,s_string_prec_zero,1618478166,0
46,s_two_strings_prec_2trunc,1618478166,0
47,s_two_strings_prec_1trunc_a,1618478166,0
48,s_two_strings_prec_1trunc_b,1618478166,0
49,s_two_strings_prec_0trunc,1618478166,0
50,s_string_prec_width_notrunc,1618478166,0
51,s_string_prec_width_trunc,1618478166,0
52,s_string_prec_width_notrunc_lj,1618478166,0
53,s_string_prec_width_trunc_lj,1618478166,0
54,s_two_s_prec_width_2fit_0trunc,1618478166,0
55,s_two_s_prec_width_1fit_a_0trunc,1618478166,0
56,s_two_s_prec_width_1fit_b_0trunc,1618478166,0
57,s_two_s_prec_width_0fit_0trunc,1618478166,0
58,s_two_s_prec_width_2fit_1trunc_a,1618478166,0
59,s_two_s_prec_width_1fit_a_1trunc_a,1618478166,0
60,s_two_s_prec_width_1fit_b_1trunc_a,1618478166,0
61,s_two_s_prec_width_0fit_1trunc_a,1618478166,0
62,s_two_s_prec_width_2fit_1trunc_b,1618478166,0
63,s_two_s_prec_width_1fit_a_1trunc_b,1618478166,0
64,s_two_s_prec_width_1fit_b_1trunc_b,1618478166,0
65,s_two_s_prec_width_0fit_1trunc_b,1618478166,0
66,s_two_s_prec_width_2fit_2trunc,1618478166,0
67,s_two_s_prec_width_1fit_a_2trunc,1618478166,0
68,s_two_s_prec_width_1fit_b_2trunc,1618478166,0
69,s_two_s_prec_width_0fit_2trunc,1618478166,0
70,s_two_s_prec_width_2trunc,1618478166,0
71,s_two_strings_lj_and_rj,1618478166,0
72,s_two_strings_rj_and_lj,1618478166,0
73,s_null_basic_string_expansion,1618478166,0
74,s_null_only_string_expansion,1618478166,0
75,s_null_space_padded_field_width,1618478166,0
76,s_null_space_padded_over_field_width,1618478166,0
77,s_null_space_padded_field_width_lj,1618478166,0
78,s_null_space_padded_field_width2_lj,1618478166,0
79,s_null_space_padded_over_field_width_lj,1618478166,0
80,s_null_string_prec_notrunc,1618478166,0
81,s_null_string_prec_trunc,1618478166,0
82,s_null_string_prec_default,1618478166,0
83,s_null_string_prec_zero,1618478166,0
84,s_basic_s_hidden,1618478166,0
85,s_width_3_s_hidden,1618478166,0
86,s_width_9_s_hidden,1618478166,0
87,s_prec_no_width_s_hidden,1618478166,0
88,s_prec_9_no_width_s_hidden,1618478166,0
89,s_prec_03_no_width_s_hidden,1618478166,0
90,s_prec_09_no_width_s_hidden,1618478166,0
91,s_prec_03_no_width_s_null,1618478166,0
92,s_prec_09_no_width_s_null,1618478166,0
93,s_prec_00_no_width_s_nullchar,1618478166,0
94,s_prec_01_no_width_s_nullchar,1618478166,0
95,s_prec_03_no_width_s_nullchar,1618478166,0
96,s_prec_09_no_width_s_nullchar,1618478166,0
97,s_prec_0_width_3_s_hidden,1618478166,0
98,s_prec_0_width_10_s_hidden,1618478166,0
99,s_prec_0_width_3_s_null,1618478166,0
100,s_prec_0_width_10_s_null,1618478166,0
101,s_prec_0_width_1_s_nullchar,1618478166,0
102,s_prec_0_width_2_s_nullchar,1618478166,0
103,s_prec_0_width_9_s_nullchar,1618478166,0
104,s_prec_0_lj_width_3_s_hidden,1618478166,0
105,s_prec_0_lj_width_8_s_hidden,1618478166,0
106,s_prec_0_lj_width_3_s_null,1618478166,0
107,s_prec_0_lj_width_8_s_null,1618478166,0
108,s_prec_0_lj_width_1_s_nullchar,1618478166,0
109,s_prec_0_lj_width_2_s_nullchar,1618478166,0
110,s_prec_0_lj_width_6_s_nullchar,1618478166,0
111,s_prec_1_width_3_s_hidden,1618478166,0
112,s_prec_1_width_10_s_hidden,1618478166,0
113,s_prec_1_width_3_s_null,1618478166,0
114,s_prec_1_width_9_s_null,1618478166,0
115,s_prec_1_lj_width_3_s_hidden,1618478166,0
116,s_prec_1_lj_width_10_s_hidden,1618478166,0
117,s_prec_1_lj_width_3_s_null,1618478166,0
118,s_prec_1_lj_width_9_s_null,1618478166,0
119,s_prec_1_lj_width_3_s_nullchar,1618478166,0
120,s_prec_1_lj_width_6_s_nullchar,1618478166,0
121,s_prec_perfect_width_3_s_hidden,1618478166,0
122,s_prec_perfect_width_20_s_hidden,1618478166,0
123,s_prec_perfect_width_3_s_null,1618478166,0
124,s_prec_perfect_width_20_s_null,1618478166,0
125,s_prec_perfect_width_3_s_nullchar,1618478166,0
126,s_prec_perfect_width_6_s_nullchar,1618478166,0
127,s_prec_perfect_lj_width_3_s_hidden,1618478166,0
128,s_prec_perfect_lj_width_20_s_hidden,1618478166,0
129,s_prec_8_lj_width_3_s_hidden,1618478166,0
130,s_prec_8_lj_width_10_s_hidden,1618478166,0
131,s_prec_8_lj_width_3_s_null,1618478166,0
132,s_prec_8_lj_width_10_s_null,1618478166,0
133,s_prec_00_lj_s_hidden_trunc,1618478166,0
134,s_prec_09_lj_s_hidden_notrunc,1618478166,0
173,p_null,1618478168,0
178,p_ftfc_5w_throwswarning,1618478168,0
179,p_basic,1618478168,0
180,p_width_fit,1618478168,0
181,p_width_nofit,1618478168,0
182,p_width_16,1618478168,0
183,p_width_8,1618478168,0
184,p_width_32,1618478168,0
185,p_width_fit_lj,1618478168,0
186,p_width_nofit_lj,1618478168,0
187,p_width_16_lj,1618478168,0
188,p_width_8_lj,1618478168,0
189,p_width_32_lj,1618478168,0
190,d_basic_pos,1618478156,0
191,d_basic_neg,1618478156,0
192,d_basic_zero,1618478156,0
193,d_basic_onlypos,1618478156,0
194,d_basic_onlyneg,1618478156,0
195,d_basic_onlyzero,1618478156,0
196,d_intmax,1618478156,0
197,d_intmin,1618478156,0
198,d_width_pos_fits,1618478156,0
199,d_width_neg_fits,1618478156,0
200,d_width_zero_fits,1618478156,0
201,d_width_pos_exactfit,1618478156,0
202,d_width_neg_exactfit,1618478156,0
203,d_width_pos_nofit,1618478156,0
204,d_width_neg_nofit,1618478156,0
205,d_width_pos_fits_lj,1618478156,0
206,d_width_neg_fits_lj,1618478156,0
207,d_width_zero_fits_lj,1618478156,0
208,d_width_pos_exactfit_lj,1618478156,0
209,d_width_neg_exactfit_lj,1618478156,0
210,d_width_pos_nofit_lj,1618478156,0
211,d_width_neg_nofit_lj,1618478156,0
212,d_prec_fits_pos,1618478156,0
213,d_prec_fits_neg,1618478156,0
214,d_prec_fits_zero,1618478156,0
215,d_prec_exactfit_pos,1618478156,0
216,d_prec_exactfit_neg,1618478156,0
217,d_prec_nofit_pos,1618478156,0
218,d_prec_nofit_neg,1618478156,0
219,d_zp_pos_fits,1618478156,0
220,d_zp_neg_fits,1618478156,0
221,d_zp_zero_fits,1618478156,0
222,d_zp_pos_exactfit,1618478156,0
223,d_zp_neg_exactfit,1618478156,0
224,d_zp_neg_minus1fit,1618478156,0
225,d_prec_width_fit_fit_pos,1618478156,0
226,d_prec_width_fit_fit_neg,1618478156,0
227,d_prec_width_fit_fit_zero,1618478156,0
228,d_prec_width_nofit_fit_pos,1618478156,0
229,d_prec_width_nofit_fit_neg,1618478156,0
230,d_prec_width_fit_nofit_pos,1618478156,0
231,d_prec_width_fit_nofit_neg,1618478156,0
232,d_prec_width_nofit_nofit_pos,1618478156,0
233,d_prec_width_nofit_nofit_neg,1618478156,0
234,d_prec_width_fit_fit_pos_lj,1618478156,0
235,d_prec_width_fit_fit_neg_lj,1618478156,0
236,d_prec_width_fit_fit_zero_lj,1618478156,0
237,d_prec_width_nofit_fit_pos_lj,1618478156,0
238,d_prec_width_nofit_fit_neg_lj,1618478156,0
239,d_prec_width_fit_nofit_pos_lj,1618478156,0
240,d_prec_width_fit_nofit_neg_lj,1618478156,0
241,d_prec_width_nofit_nofit_pos_lj,1618478156,0
242,d_prec_width_nofit_nofit_neg_lj,1618478156,0
243,d_prec_width_ff_pos_zp,1618478156,0
244,d_prec_width_ff_neg_zp,1618478156,0
245,d_prec_width_ff_zero_zp,1618478156,0
246,d_prec_width_nf_pos_zp,1618478156,0
247,d_prec_width_nf_neg_zp,1618478156,0
248,d_prec_width_fn_pos_zp,1618478156,0
249,d_prec_width_fn_neg_zp,1618478156,0
250,d_prec_width_nn_pos_zp,1618478156,0
251,d_prec_width_nn_neg_zp,1618478156,0
252,d_prec_width_ff_pos_lj_zp_ignoreflag,1618478156,0
253,d_prec_width_ff_neg_ljzp_ignoreflag,1618478156,0
254,d_prec_width_ff_zero_ljzp_ignoreflag,1618478156,0
255,d_prec_width_nf_pos_ljzp_ignoreflag,1618478156,0
256,d_prec_width_nf_neg_ljzp_ignoreflag,1618478156,0
257,d_prec_width_fn_pos_ljzp_ignoreflag,1618478156,0
258,d_prec_width_fn_neg_ljzp_ignoreflag,1618478156,0
259,d_prec_width_nn_pos_ljzp_ignoreflag,1618478156,0
260,d_prec_width_nn_neg_ljzp_ignoreflag,1618478156,0
261,d_prec0val0_basic,1618478156,0
262,d_prec0val0_implicit,1618478156,0
263,d_prec0val0_w,1618478156,0
264,d_prec0val0_w_impl,1618478156,0
265,d_prec0val0_wlj,1618478156,0
266,d_prec0val0_wlj_impl,1618478156,0
267,i_basic_pos,1618478173,0
268,i_basic_neg,1618478173,0
269,i_basic_zero,1618478173,0
270,i_basic_onlypos,1618478173,0
271,i_basic_onlyneg,1618478173,0
272,i_basic_onlyzero,1618478173,0
273,i_intmax,1618478173,0
274,i_intmin,1618478173,0
275,i_width_pos_fits,1618478173,0
276,i_width_neg_fits,1618478173,0
277,i_width_zero_fits,1618478173,0
278,i_width_pos_exactfit,1618478173,0
279,i_width_neg_exactfit,1618478173,0
280,i_width_pos_nofit,1618478173,0
281,i_width_neg_nofit,1618478173,0
282,i_width_pos_fits_lj,1618478173,0
283,i_width_neg_fits_lj,1618478173,0
284,i_width_zero_fits_lj,1618478173,0
285,i_width_pos_exactfit_lj,1618478173,0
286,i_width_neg_exactfit_lj,1618478173,0
287,i_width_pos_nofit_lj,1618478173,0
288,i_width_neg_nofit_lj,1618478173,0
289,i_prec_fits_pos,1618478173,0
290,i_prec_fits_neg,1618478173,0
291,i_prec_fits_zero,1618478173,0
292,i_prec_exactfit_pos,1618478173,0
293,i_prec_exactfit_neg,1618478173,0
294,i_prec_nofit_pos,1618478173,0
295,i_prec_nofit_neg,1618478173,0
296,i_zp_pos_fits,1618478173,0
297,i_zp_neg_fits,1618478173,0
298,i_zp_zero_fits,1618478173,0
299,i_zp_pos_exactfit,1618478173,0
300,i_zp_neg_exactfit,1618478173,0
301,i_zp_neg_minus1fit,1618478173,0
302,i_prec_width_fit_fit_pos,1618478173,0
303,i_prec_width_fit_fit_neg,1618478173,0
304,i_prec_width_fit_fit_zero,1618478173,0
305,i_prec_width_nofit_fit_pos,1618478173,0
306,i_prec_width_nofit_fit_neg,1618478173,0
307,i_prec_width_fit_nofit_pos,1618478173,0
308,i_prec_width_fit_nofit_neg,1618478173,0
309,i_prec_width_nofit_nofit_pos,1618478173,0
310,i_prec_width_nofit_nofit_neg,1618478173,0
311,i_prec_width_fit_fit_pos_lj,1618478173,0
312,i_prec_width_fit_fit_neg_lj,1618478173,0
313,i_prec_width_fit_fit_zero_lj,1618478173,0
314,i_prec_width_nofit_fit_pos_lj,1618478173,0
315,i_prec_width_nofit_fit_neg_lj,1618478173,0
316,i_prec_width_fit_nofit_pos_lj,1618478173,0
317,i_prec_width_fit_nofit_neg_lj,1618478173,0
318,i_prec_width_nofit_nofit_pos_lj,1618478173,0
319,i_prec_width_nofit_nofit_neg_lj,1618478173,0
320,i_prec_width_ff_pos_zp,1618478173,0
321,i_prec_width_ff_neg_zp,1618478173,0
322,i_prec_width_ff_zero_zp,1618478173,0
323,i_prec_width_nf_pos_zp,1618478173,0
324,i_prec_width_nf_neg_zp,1618478173,0
325,i_prec_width_fn_pos_zp,1618478173,0
326,i_prec_width_fn_neg_zp,1618478173,0
327,i_prec_width_nn_pos_zp,1618478173,0
328,i_prec_width_nn_neg_zp,1618478173,0
329,i_prec_width_ff_pos_lj_zp_ignoreflag,1618478173,0
330,i_prec_width_ff_neg_ljzp_ignoreflag,1618478173,0
331,i_prec_width_ff_zero_ljzp_ignoreflag,1618478173,0
332,i_prec_width_nf_pos_ljzp_ignoreflag,1618478173,0
333,i_prec_width_nf_neg_ljzp_ignoreflag,1618478173,0
334,i_prec_width_fn_pos_ljzp_ignoreflag,1618478173,0
335,i_prec_width_fn_neg_ljzp_ignoreflag,1618478173,0
336,i_prec_width_nn_pos_ljzp_ignoreflag,1618478173,0
337,i_prec_width_nn_neg_ljzp_ignoreflag,1618478173,0
338,i_prec0val0_basic,1618478173,0
339,i_prec0val0_implicit,1618478173,0
340,i_prec0val0_w,1618478173,0
341,i_prec0val0_w_impl,1618478173,0
342,i_prec0val0_wlj,1618478173,0
343,i_prec0val0_wlj_impl,1618478173,0
344,u_basic_pos,1618478172,0
345,u_basic_zero,1618478172,0
346,u_basic_onlypos,1618478172,0
347,u_uintmax,1618478172,0
348,u_width_pos_fits,1618478172,0
349,u_width_zero_fits,1618478172,0
350,u_width_pos_exactfit,1618478172,0
351,u_width_pos_nofit,1618478172,0
352,u_width_pos_fits_lj,1618478172,0
353,u_width_zero_fits_lj,1618478172,0
354,u_width_pos_exactfit_lj,1618478172,0
355,u_width_pos_nofit_lj,1618478172,0
356,u_prec_fits_pos,1618478172,0
357,u_prec_fits_zero,1618478172,0
358,u_prec_exactfit_pos,1618478172,0
359,u_prec_nofit_pos,1618478172,0
360,u_zp_pos_fits,1618478172,0
361,u_zp_zero_fits,1618478172,0
362,u_zp_pos_exactfit,1618478172,0
363,u_prec_width_fit_fit_pos,1618478172,0
364,u_prec_width_fit_fit_zero,1618478172,0
365,u_prec_width_nofit_fit_pos,1618478172,0
366,u_prec_width_fit_nofit_pos,1618478172,0
367,u_prec_width_nofit_nofit_pos,1618478172,0
368,u_prec_width_fit_fit_pos_lj,1618478172,0
369,u_prec_width_fit_fit_zero_lj,1618478172,0
370,u_prec_width_nofit_fit_pos_lj,1618478172,0
371,u_prec_width_fit_nofit_pos_lj,1618478172,0
372,u_prec_width_nofit_nofit_pos_lj,1618478172,0
373,u_prec_width_ff_pos_zp,1618478172,0
374,u_prec_width_ff_zero_zp,1618478172,0
375,u_prec_width_nf_pos_zp,1618478172,0
376,u_prec_width_fn_pos_zp,1618478172,0
377,u_prec_width_nn_pos_zp,1618478172,0
378,u_prec_width_ff_pos_ljzp_ignoreflag,1618478172,0
379,u_prec_width_ff_zero_ljzp_ignoreflag,1618478172,0
380,u_prec_width_nf_pos_ljzp_ignoreflag,1618478172,0
381,u_prec_width_fn_pos_ljzp_ignoreflag,1618478172,0
382,u_prec_width_nn_pos_ljzp_ignoreflag,1618478172,0
383,u_prec0val0_basic,1618478172,0
384,u_prec0val0_implicit,1618478172,0
385,u_prec0val0_w,1618478172,0
386,u_prec0val0_w_impl,1618478172,0
387,u_prec0val0_wlj,1618478172,0
388,u_prec0val0_wlj_impl,1618478172,0
389,x_basic_pos,1618478175,0
390,x_basic_zero,1618478175,0
391,x_basic_onlypos,1618478175,0
392,x_hexlmax,1618478175,0
393,x_width_pos_fits,1618478175,0
394,x_width_zero_fits,1618478175,0
395,x_width_pos_exactfit,1618478175,0
396,x_width_pos_nofit,1618478175,0
397,x_width_pos_fits_lj,1618478175,0
398,x_width_zero_fits_lj,1618478175,0
399,x_width_pos_exactfit_lj,1618478175,0
400,x_width_pos_nofit_lj,1618478175,0
401,x_prec_fits_pos,1618478175,0
402,x_prec_fits_zero,1618478175,0
403,x_prec_exactfit_pos,1618478175,0
404,x_prec_nofit_pos,1618478175,0
405,x_zp_pos_fits,1618478175,0
406,x_zp_zero_fits,1618478175,0
407,x_zp_pos_exactfit,1618478175,0
408,x_prec_width_fit_fit_pos,1618478175,0
409,x_prec_width_fit_fit_zero,1618478175,0
410,x_prec_width_nofit_fit_pos,1618478175,0
411,x_prec_width_fit_nofit_pos,1618478175,0
412,x_prec_width_nofit_nofit_pos,1618478175,0
413,x_prec_width_fit_fit_pos_lj,1618478175,0
414,x_prec_width_fit_fit_zero_lj,1618478175,0
415,x_prec_width_nofit_fit_pos_lj,1618478175,0
416,x_prec_width_fit_nofit_pos_lj,1618478175,0
417,x_prec_width_nofit_nofit_pos_lj,1618478175,0
418,x_prec_width_ff_pos_zp,1618478175,0
419,x_prec_width_ff_zero_zp,1618478175,0
420,x_prec_width_nf_pos_zp,1618478175,0
421,x_prec_width_fn_pos_zp,1618478175,0
422,x_prec_width_nn_pos_zp,1618478175,0
423,x_prec_width_ff_pos_ljzp_ignoreflag,1618478175,0
424,x_prec_width_ff_zero_ljzp_ignoreflag,1618478175,0
425,x_prec_width_nf_pos_ljzp_ignoreflag,1618478175,0
426,x_prec_width_fn_pos_ljzp_ignoreflag,1618478175,0
427,x_prec_width_nn_pos_ljzp_ignoreflag,1618478175,0
428,x_prec0val0_basic,1618478175,0
429,x_prec0val0_implicit,1618478175,0
430,x_prec0val0_w,1618478175,0
431,x_prec0val0_w_impl,1618478175,0
432,x_prec0val0_wlj,1618478175,0
433,x_prec0val0_wlj_impl,1618478175,0
434,X_basic_hexu_pos,1618478177,0
435,X_basic_hexu_zero,1618478177,0
436,X_basic_hexu_onlypos,1618478177,0
437,X_hexumax,1618478177,0
438,X_width_pos_fits,1618478177,0
439,X_width_zero_fits,1618478177,0
440,X_width_pos_exactfit,1618478177,0
441,X_width_pos_nofit,1618478177,0
442,X_width_pos_fits_lj,1618478177,0
443,X_width_zero_fits_lj,1618478177,0
444,X_width_pos_exactfit_lj,1618478177,0
445,X_width_pos_nofit_lj,1618478177,0
446,X_prec_fits_pos,1618478177,0
447,X_prec_fits_zero,1618478177,0
448,X_prec_exactfit_pos,1618478177,0
449,X_prec_nofit_pos,1618478177,0
450,X_zp_pos_fits,1618478177,0
451,X_zp_zero_fits,1618478177,0
452,X_zp_pos_exactfit,1618478177,0
453,X_prec_width_fit_fit_pos,1618478177,0
454,X_prec_width_fit_fit_zero,1618478177,0
455,X_prec_width_nofit_fit_pos,1618478177,0
456,X_prec_width_fit_nofit_pos,1618478177,0
457,X_prec_width_nofit_nofit_pos,1618478177,0
458,X_prec_width_fit_fit_pos_lj,1618478177,0
459,X_prec_width_fit_fit_zero_lj,1618478177,0
460,X_prec_width_nofit_fit_pos_lj,1618478177,0
461,X_prec_width_fit_nofit_pos_lj,1618478177,0
462,X_prec_width_nofit_nofit_pos_lj,1618478177,0
463,X_prec_width_ff_pos_zp,1618478177,0
464,X_prec_width_ff_zero_zp,1618478177,0
465,X_prec_width_nf_pos_zp,1618478177,0
466,X_prec_width_fn_pos_zp,1618478177,0
467,X_prec_width_nn_pos_zp,1618478177,0
468,X_prec_width_ff_pos_ljzp_ignoreflag,1618478177,0
469,X_prec_width_ff_zero_ljzp_ignoreflag,1618478177,0
470,X_prec_width_nf_pos_ljzp_ignoreflag,1618478177,0
471,X_prec_width_fn_pos_ljzp_ignoreflag,1618478177,0
472,X_prec_width_nn_pos_ljzp_ignoreflag,1618478177,0
473,X_prec0val0_basic,1618478177,0
474,X_prec0val0_implicit,1618478177,0
475,X_prec0val0_w,1618478177,0
476,X_prec0val0_w_impl,1618478177,0
477,X_prec0val0_wlj,1618478177,0
478,X_prec0val0_wlj_impl,1618478177,0
4186,d_neg_prec_star_01,1618478156,0
4187,d_neg_prec_star_02,1618478156,0
4188,d_neg_prec_star_03,1618478156,0
4189,u_neg_prec_star_01,1618478172,0
4190,u_neg_prec_star_02,1618478172,0
4191,u_neg_prec_star_03,1618478172,0
4195,x_neg_prec_star_01,1618478175,0
4196,x_neg_prec_star_02,1618478175,0
4197,x_neg_prec_star_03,1618478175,0
4198,X_neg_prec_star_01,1618478177,0
4199,X_neg_prec_star_02,1618478177,0
4200,X_neg_prec_star_03,1618478177,0
4201,s_neg_prec_star_01,1618478166,0
4202,s_neg_prec_star_02,1618478166,0
4203,p_neg_prec_star_01,1618478168,0
4204,p_neg_prec_star_02,1618478168,0
4205,p_neg_prec_star_03,1618478168,0
4206,p_neg_prec_star_04,1618478168,0
